{
  "run_id": 2,
  "seed": 1765966204858174000,
  "task_type": "lottery",
  "runs_per_group": 100,
  "groups": [
    "A",
    "B",
    "C"
  ],
  "stats": {
    "A": {
      "n": 100,
      "correct": 53,
      "incorrect": 47,
      "error_rate": 0.47,
      "ci95_low": 0.3751065198210374,
      "ci95_high": 0.5671131686275227
    },
    "B": {
      "n": 100,
      "correct": 71,
      "incorrect": 29,
      "error_rate": 0.29,
      "ci95_low": 0.21014706973984146,
      "ci95_high": 0.3853907494000793
    },
    "C": {
      "n": 100,
      "correct": 99,
      "incorrect": 1,
      "error_rate": 0.01,
      "ci95_low": 0.001767386565547261,
      "ci95_high": 0.05448752476093461
    }
  },
  "tests": {
    "C_trend_first_vs_second_half": {
      "first_half_error_rate": 0.02,
      "p_value": 0.31487864133641974,
      "second_half_error_rate": 0,
      "z": -1.005037815259212
    },
    "C_vs_A": {
      "p_value": 2.6201263381153694e-14,
      "z": -7.6160610531240005
    },
    "C_vs_B": {
      "p_value": 2.9424622738360995e-8,
      "z": -5.544826240669376
    }
  },
  "trend": {
    "A": [
      0,
      1,
      1,
      1,
      1,
      0,
      0,
      0,
      0,
      1,
      0,
      1,
      1,
      0,
      1,
      1,
      1,
      0,
      1,
      1,
      1,
      1,
      1,
      0,
      0,
      1,
      1,
      0,
      0,
      1,
      0,
      0,
      0,
      1,
      0,
      1,
      1,
      0,
      0,
      1,
      0,
      0,
      0,
      0,
      1,
      0,
      1,
      1,
      0,
      0,
      0,
      1,
      0,
      1,
      0,
      1,
      0,
      1,
      0,
      1,
      0,
      1,
      0,
      1,
      1,
      0,
      0,
      0,
      0,
      0,
      0,
      0,
      1,
      0,
      0,
      1,
      1,
      0,
      0,
      1,
      1,
      1,
      1,
      1,
      0,
      0,
      0,
      0,
      1,
      1,
      0,
      1,
      1,
      0,
      1,
      1,
      0,
      0,
      0,
      0
    ],
    "B": [
      0,
      1,
      1,
      1,
      1,
      0,
      0,
      0,
      0,
      0,
      1,
      0,
      0,
      0,
      0,
      0,
      0,
      0,
      0,
      0,
      1,
      0,
      1,
      0,
      0,
      1,
      1,
      0,
      0,
      0,
      0,
      0,
      0,
      0,
      1,
      0,
      0,
      0,
      0,
      0,
      1,
      0,
      0,
      0,
      0,
      0,
      0,
      0,
      1,
      1,
      0,
      0,
      0,
      0,
      0,
      1,
      0,
      0,
      0,
      0,
      0,
      1,
      0,
      1,
      1,
      0,
      0,
      0,
      0,
      0,
      0,
      0,
      0,
      1,
      1,
      0,
      0,
      0,
      0,
      1,
      1,
      1,
      1,
      1,
      0,
      0,
      0,
      0,
      0,
      1,
      0,
      1,
      1,
      0,
      1,
      1,
      0,
      0,
      0,
      0
    ],
    "C": [
      0,
      1,
      0,
      0,
      0,
      0,
      0,
      0,
      0,
      0,
      0,
      0,
      0,
      0,
      0,
      0,
      0,
      0,
      0,
      0,
      0,
      0,
      0,
      0,
      0,
      0,
      0,
      0,
      0,
      0,
      0,
      0,
      0,
      0,
      0,
      0,
      0,
      0,
      0,
      0,
      0,
      0,
      0,
      0,
      0,
      0,
      0,
      0,
      0,
      0,
      0,
      0,
      0,
      0,
      0,
      0,
      0,
      0,
      0,
      0,
      0,
      0,
      0,
      0,
      0,
      0,
      0,
      0,
      0,
      0,
      0,
      0,
      0,
      0,
      0,
      0,
      0,
      0,
      0,
      0,
      0,
      0,
      0,
      0,
      0,
      0,
      0,
      0,
      0,
      0,
      0,
      0,
      0,
      0,
      0,
      0,
      0,
      0,
      0,
      0
    ]
  },
  "conclusion": {
    "caveats": [],
    "claims": [
      "C组在同一批重复任务中错误率后半段低于前半段，存在test-time learning迹象（反馈→反思→记忆→行为变化）。",
      "在本次run内，C组错误率显著低于A组与B组（p\u003c0.05），支持“反思→抽象规则记忆”优于“无记忆/仅日志记忆”。"
    ],
    "metrics": {
      "A_ci95": [
        0.3751065198210374,
        0.5671131686275227
      ],
      "A_error_rate": 0.47,
      "B_ci95": [
        0.21014706973984146,
        0.3853907494000793
      ],
      "B_error_rate": 0.29,
      "C_ci95": [
        0.001767386565547261,
        0.05448752476093461
      ],
      "C_error_rate": 0.01,
      "C_first_half_error_rate": 0.02,
      "C_second_half_error_rate": 0,
      "C_vs_A_relative_reduction": 0.9787234042553191,
      "p_C_vs_A": 2.6201263381153694e-14,
      "p_C_vs_B": 2.9424622738360995e-8
    },
    "verdict": "learning_observed"
  },
  "result_path": "outputs/experiment_run_2.json",
  "conclusion_path": "outputs/experiment_run_2_conclusion.md",
  "conclusion_markdown": "# 记忆实验结论（论文级）\n\n- run_id: 2\n- task_type: lottery\n- runs_per_group: 100\n- seed: 1765966204858174000\n- created_at: 2025-12-17T18:10:04+08:00\n\n## 组内统计（仅本次 run）\n\n| 组别 | N | Incorrect | ErrorRate | CI95 |\n| --- | ---: | ---: | ---: | --- |\n| A | 100 | 47 | 0.470 | [0.375, 0.567] |\n| B | 100 | 29 | 0.290 | [0.210, 0.385] |\n| C | 100 | 1 | 0.010 | [0.002, 0.054] |\n\n## 显著性检验\n\n```json\n{\n  \"C_trend_first_vs_second_half\": {\n    \"first_half_error_rate\": 0.02,\n    \"p_value\": 0.31487864133641974,\n    \"second_half_error_rate\": 0,\n    \"z\": -1.005037815259212\n  },\n  \"C_vs_A\": {\n    \"p_value\": 2.6201263381153694e-14,\n    \"z\": -7.6160610531240005\n  },\n  \"C_vs_B\": {\n    \"p_value\": 2.9424622738360995e-8,\n    \"z\": -5.544826240669376\n  }\n}\n```\n\n## 自动结论\n\n- verdict: learning_observed\n\n### 主要论断\n\n- C组在同一批重复任务中错误率后半段低于前半段，存在test-time learning迹象（反馈→反思→记忆→行为变化）。\n- 在本次run内，C组错误率显著低于A组与B组（p\u003c0.05），支持“反思→抽象规则记忆”优于“无记忆/仅日志记忆”。\n",
  "errors": null
}