{
  "run_id": 1,
  "seed": 1765963924536708000,
  "task_type": "lottery",
  "runs_per_group": 100,
  "groups": [
    "A",
    "B",
    "C"
  ],
  "stats": {
    "A": {
      "n": 100,
      "correct": 73,
      "incorrect": 27,
      "error_rate": 0.27,
      "ci95_low": 0.1926946091766482,
      "ci95_high": 0.3643230022623127
    },
    "B": {
      "n": 100,
      "correct": 47,
      "incorrect": 53,
      "error_rate": 0.53,
      "ci95_low": 0.4328868313724773,
      "ci95_high": 0.6248934801789626
    },
    "C": {
      "n": 100,
      "correct": 99,
      "incorrect": 1,
      "error_rate": 0.01,
      "ci95_low": 0.001767386565547261,
      "ci95_high": 0.05448752476093461
    }
  },
  "tests": {
    "C_trend_first_vs_second_half": {
      "first_half_error_rate": 0.02,
      "p_value": 0.31487864133641974,
      "second_half_error_rate": 0,
      "z": -1.005037815259212
    },
    "C_vs_A": {
      "p_value": 1.1681898159920934e-7,
      "z": -5.298404448604946
    },
    "C_vs_B": {
      "p_value": 0,
      "z": -8.282187031169942
    }
  },
  "trend": {
    "A": [
      0,
      0,
      1,
      1,
      0,
      0,
      0,
      0,
      0,
      0,
      0,
      0,
      0,
      0,
      0,
      1,
      1,
      0,
      0,
      0,
      0,
      0,
      0,
      1,
      0,
      1,
      1,
      0,
      0,
      1,
      0,
      0,
      0,
      0,
      1,
      1,
      0,
      0,
      0,
      0,
      0,
      1,
      0,
      1,
      1,
      0,
      0,
      1,
      0,
      0,
      1,
      1,
      0,
      1,
      0,
      1,
      0,
      0,
      0,
      0,
      0,
      0,
      1,
      0,
      0,
      0,
      0,
      0,
      0,
      0,
      0,
      0,
      0,
      0,
      1,
      1,
      0,
      0,
      1,
      1,
      0,
      0,
      0,
      1,
      0,
      0,
      1,
      0,
      0,
      0,
      0,
      1,
      0,
      0,
      0,
      1,
      0,
      0,
      0,
      0
    ],
    "B": [
      0,
      1,
      1,
      1,
      1,
      0,
      0,
      0,
      0,
      0,
      0,
      0,
      1,
      0,
      1,
      1,
      1,
      0,
      0,
      0,
      1,
      0,
      0,
      1,
      1,
      1,
      1,
      0,
      1,
      1,
      0,
      0,
      0,
      0,
      1,
      1,
      0,
      1,
      0,
      1,
      1,
      1,
      1,
      1,
      1,
      0,
      0,
      1,
      0,
      1,
      1,
      1,
      1,
      1,
      0,
      1,
      0,
      1,
      1,
      1,
      0,
      0,
      1,
      0,
      0,
      0,
      1,
      1,
      0,
      0,
      0,
      1,
      1,
      0,
      1,
      1,
      0,
      0,
      0,
      1,
      0,
      1,
      0,
      1,
      0,
      1,
      1,
      0,
      0,
      0,
      1,
      1,
      0,
      1,
      0,
      1,
      1,
      1,
      1,
      0
    ],
    "C": [
      0,
      1,
      0,
      0,
      0,
      0,
      0,
      0,
      0,
      0,
      0,
      0,
      0,
      0,
      0,
      0,
      0,
      0,
      0,
      0,
      0,
      0,
      0,
      0,
      0,
      0,
      0,
      0,
      0,
      0,
      0,
      0,
      0,
      0,
      0,
      0,
      0,
      0,
      0,
      0,
      0,
      0,
      0,
      0,
      0,
      0,
      0,
      0,
      0,
      0,
      0,
      0,
      0,
      0,
      0,
      0,
      0,
      0,
      0,
      0,
      0,
      0,
      0,
      0,
      0,
      0,
      0,
      0,
      0,
      0,
      0,
      0,
      0,
      0,
      0,
      0,
      0,
      0,
      0,
      0,
      0,
      0,
      0,
      0,
      0,
      0,
      0,
      0,
      0,
      0,
      0,
      0,
      0,
      0,
      0,
      0,
      0,
      0,
      0,
      0
    ]
  },
  "conclusion": {
    "caveats": [],
    "claims": [
      "C组在同一批重复任务中错误率后半段低于前半段，存在test-time learning迹象（反馈→反思→记忆→行为变化）。",
      "在本次run内，C组错误率显著低于A组与B组（p\u003c0.05），支持“反思→抽象规则记忆”优于“无记忆/仅日志记忆”。"
    ],
    "metrics": {
      "A_ci95": [
        0.1926946091766482,
        0.3643230022623127
      ],
      "A_error_rate": 0.27,
      "B_ci95": [
        0.4328868313724773,
        0.6248934801789626
      ],
      "B_error_rate": 0.53,
      "C_ci95": [
        0.001767386565547261,
        0.05448752476093461
      ],
      "C_error_rate": 0.01,
      "C_first_half_error_rate": 0.02,
      "C_second_half_error_rate": 0,
      "C_vs_A_relative_reduction": 0.9629629629629629,
      "p_C_vs_A": 1.1681898159920934e-7,
      "p_C_vs_B": 0
    },
    "verdict": "learning_observed"
  },
  "result_path": "outputs/experiment_run_1.json",
  "conclusion_path": "outputs/experiment_run_1_conclusion.md",
  "conclusion_markdown": "# 记忆实验结论（论文级）\n\n- run_id: 1\n- task_type: lottery\n- runs_per_group: 100\n- seed: 1765963924536708000\n- created_at: 2025-12-17T17:32:04+08:00\n\n## 组内统计（仅本次 run）\n\n| 组别 | N | Incorrect | ErrorRate | CI95 |\n| --- | ---: | ---: | ---: | --- |\n| A | 100 | 27 | 0.270 | [0.193, 0.364] |\n| B | 100 | 53 | 0.530 | [0.433, 0.625] |\n| C | 100 | 1 | 0.010 | [0.002, 0.054] |\n\n## 显著性检验\n\n```json\n{\n  \"C_trend_first_vs_second_half\": {\n    \"first_half_error_rate\": 0.02,\n    \"p_value\": 0.31487864133641974,\n    \"second_half_error_rate\": 0,\n    \"z\": -1.005037815259212\n  },\n  \"C_vs_A\": {\n    \"p_value\": 1.1681898159920934e-7,\n    \"z\": -5.298404448604946\n  },\n  \"C_vs_B\": {\n    \"p_value\": 0,\n    \"z\": -8.282187031169942\n  }\n}\n```\n\n## 自动结论\n\n- verdict: learning_observed\n\n### 主要论断\n\n- C组在同一批重复任务中错误率后半段低于前半段，存在test-time learning迹象（反馈→反思→记忆→行为变化）。\n- 在本次run内，C组错误率显著低于A组与B组（p\u003c0.05），支持“反思→抽象规则记忆”优于“无记忆/仅日志记忆”。\n",
  "errors": null
}